events:
- title: "Data Saturday #77 - Parma 2025"
  date: Nov 29, 2025
  url: https://datasaturdays.com/Event/20251129-datasaturday0077
  thumb: /assets/img/logos/datasaturday_logo.png
- title: "Data Saturday #81 - Madrid 2025"
  date: Nov 29, 2025
  url: https://datasaturdays.com/Event/20251129-datasaturday0081
  thumb: /assets/img/logos/datasaturday_logo.png
- title: "Data Saturday #72 - Slovenia 2025"
  date: Dec 6 2025
  url: https://datasaturdays.com/Event/20251206-datasaturday0072
  thumb: /assets/img/logos/datasaturday_logo.png
- title: "Data Saturday #78 - Data Community Austria Day 2026"
  date: Jan 23 2026
  url: https://datasaturdays.com/Event/20260123-datasaturday0078
  thumb: /assets/img/logos/datasaturday_logo.png
- title: "Data Saturday #74 - Denmark 2026"
  date: Jan 31 2026
  url: https://datasaturdays.com/Event/20260131-datasaturday0074
  thumb: /assets/img/logos/datasaturday_logo.png
- title: "Data Saturday #79 - Brisbane 2026"
  date: Feb 28 2026
  url: https://datasaturdays.com/Event/20260228-datasaturday0079
  thumb: /assets/img/logos/datasaturday_logo.png
- title: "Data Saturday #80 - Pordenone 2026"
  date: Feb 28 2026
  url: https://datasaturdays.com/Event/20260228-datasaturday0080
  thumb: /assets/img/logos/datasaturday_logo.png
- title: "Data Saturday #76 - Chicago"
  date: Mar 14, 2026
  url: https://datasaturdaychicago.com/
- title: "VSLive! Las Vegas"
  date: Mar 16-20, 2026
  url: https://vslive.com/events/las-vegas-2026/home.aspx
  thumb: /assets/img/logos/vslivelogo.png
- title: "FABCON"
  date: Mar 16-20, 2026
  url: https://fabriccon.com/
  thumb: /assets/img/logos/fabcon.png
- title: "Data Saturday #75 - Croatia 2026"
  date: Jun 13 2026
  url: https://datasaturdays.com/Event/20260613-datasaturday0075
  thumb: /assets/img/logos/datasaturday_logo.png
- title: "VSLive! Microsoft HQ"
  date: July 27-31, 2026
  url: https://vslive.com/events/microsofthq-2026/home.aspx
  thumb: /assets/img/logos/vslivelogo.png
